{
  "intersection over union": [
    [
      0.5613856315612793,
      "expert_annotations"
    ],
    [
      0.47519245743751526,
      "stfpm_0.0015"
    ],
    [
      0.4716373682022095,
      "stfpm_0.001"
    ],
    [
      0.4611241817474365,
      "stfpm_0.00075"
    ],
    [
      0.44248393177986145,
      "stfpm_0.0025"
    ],
    [
      0.4261617660522461,
      "stfpm_0.0005"
    ],
    [
      0.30928435921669006,
      "stfpm_0.00025"
    ],
    [
      0.2712123692035675,
      "stfpm_0.005"
    ],
    [
      0.11849565804004669,
      "stfpm_0.0075"
    ],
    [
      0.10643165558576584,
      "stfpm_0.0001"
    ],
    [
      0.05846405029296875,
      "stfpm_5e-05"
    ],
    [
      0.04744875431060791,
      "stfpm_0.01"
    ]
  ],
  "mean average precision": [
    [
      {
        "map": 0.5988599061965942,
        "map_50": 0.8036512136459351,
        "map_75": 0.7100414037704468,
        "map_small": -1.0,
        "map_medium": -1.0,
        "map_large": 0.5988599061965942,
        "mar_1": 0.5445652008056641,
        "mar_10": 0.75951087474823,
        "mar_100": 0.75951087474823,
        "mar_small": -1.0,
        "mar_medium": -1.0,
        "mar_large": 0.75951087474823,
        "map_per_class": -1.0,
        "mar_100_per_class": -1.0,
        "classes": 0
      },
      "expert_annotations"
    ],
    [
      {
        "map": 0.28281185030937195,
        "map_50": 0.5610300898551941,
        "map_75": 0.21881088614463806,
        "map_small": -1.0,
        "map_medium": -1.0,
        "map_large": 0.2828954756259918,
        "mar_1": 0.363315224647522,
        "mar_10": 0.5027173757553101,
        "mar_100": 0.5027173757553101,
        "mar_small": -1.0,
        "mar_medium": -1.0,
        "mar_large": 0.5027173757553101,
        "map_per_class": -1.0,
        "mar_100_per_class": -1.0,
        "classes": 0
      },
      "stfpm_0.0015"
    ],
    [
      {
        "map": 0.2810117304325104,
        "map_50": 0.5664116740226746,
        "map_75": 0.19849565625190735,
        "map_small": -1.0,
        "map_medium": -1.0,
        "map_large": 0.28101933002471924,
        "mar_1": 0.3586956560611725,
        "mar_10": 0.500543475151062,
        "mar_100": 0.500543475151062,
        "mar_small": -1.0,
        "mar_medium": -1.0,
        "mar_large": 0.500543475151062,
        "map_per_class": -1.0,
        "mar_100_per_class": -1.0,
        "classes": 0
      },
      "stfpm_0.001"
    ],
    [
      {
        "map": 0.26037049293518066,
        "map_50": 0.5595284104347229,
        "map_75": 0.14685097336769104,
        "map_small": -1.0,
        "map_medium": -1.0,
        "map_large": 0.26037049293518066,
        "mar_1": 0.333423912525177,
        "mar_10": 0.4749999940395355,
        "mar_100": 0.4749999940395355,
        "mar_small": -1.0,
        "mar_medium": -1.0,
        "mar_large": 0.4749999940395355,
        "map_per_class": -1.0,
        "mar_100_per_class": -1.0,
        "classes": 0
      },
      "stfpm_0.00075"
    ],
    [
      {
        "map": 0.2311774045228958,
        "map_50": 0.5353564620018005,
        "map_75": 0.12463472783565521,
        "map_small": -1.0,
        "map_medium": -1.0,
        "map_large": 0.2314428836107254,
        "mar_1": 0.3125,
        "mar_10": 0.42527174949645996,
        "mar_100": 0.42527174949645996,
        "mar_small": -1.0,
        "mar_medium": -1.0,
        "mar_large": 0.42527174949645996,
        "map_per_class": -1.0,
        "mar_100_per_class": -1.0,
        "classes": 0
      },
      "stfpm_0.0025"
    ],
    [
      {
        "map": 0.1916946917772293,
        "map_50": 0.5217949748039246,
        "map_75": 0.030571339651942253,
        "map_small": -1.0,
        "map_medium": -1.0,
        "map_large": 0.1916946917772293,
        "mar_1": 0.26331523060798645,
        "mar_10": 0.37771740555763245,
        "mar_100": 0.37771740555763245,
        "mar_small": -1.0,
        "mar_medium": -1.0,
        "mar_large": 0.37771740555763245,
        "map_per_class": -1.0,
        "mar_100_per_class": -1.0,
        "classes": 0
      },
      "stfpm_0.0005"
    ],
    [
      {
        "map": 0.05430895835161209,
        "map_50": 0.20766325294971466,
        "map_75": 0.009068532846868038,
        "map_small": -1.0,
        "map_medium": -1.0,
        "map_large": 0.054360419511795044,
        "mar_1": 0.104076087474823,
        "mar_10": 0.12853260338306427,
        "mar_100": 0.12853260338306427,
        "mar_small": -1.0,
        "mar_medium": -1.0,
        "mar_large": 0.12853260338306427,
        "map_per_class": -1.0,
        "mar_100_per_class": -1.0,
        "classes": 0
      },
      "stfpm_0.005"
    ],
    [
      {
        "map": 0.03528841957449913,
        "map_50": 0.20405063033103943,
        "map_75": 0.0008090094779618084,
        "map_small": -1.0,
        "map_medium": -1.0,
        "map_large": 0.03528841957449913,
        "mar_1": 0.08478260785341263,
        "mar_10": 0.12364130467176437,
        "mar_100": 0.12364130467176437,
        "mar_small": -1.0,
        "mar_medium": -1.0,
        "mar_large": 0.12364130467176437,
        "map_per_class": -1.0,
        "mar_100_per_class": -1.0,
        "classes": 0
      },
      "stfpm_0.00025"
    ],
    [
      {
        "map": 0.0035290627274662256,
        "map_50": 0.016732657328248024,
        "map_75": 0.0,
        "map_small": -1.0,
        "map_medium": -1.0,
        "map_large": 0.003554163733497262,
        "mar_1": 0.010326086543500423,
        "mar_10": 0.010869565419852734,
        "mar_100": 0.010869565419852734,
        "mar_small": -1.0,
        "mar_medium": -1.0,
        "mar_large": 0.010869565419852734,
        "map_per_class": -1.0,
        "mar_100_per_class": -1.0,
        "classes": 0
      },
      "stfpm_0.0075"
    ],
    [
      {
        "map": 0.0002475247601978481,
        "map_50": 0.002475247485563159,
        "map_75": 0.0,
        "map_small": -1.0,
        "map_medium": -1.0,
        "map_large": 0.0002475247601978481,
        "mar_1": 0.00027173911803402007,
        "mar_10": 0.00027173911803402007,
        "mar_100": 0.00027173911803402007,
        "mar_small": -1.0,
        "mar_medium": -1.0,
        "mar_large": 0.00027173911803402007,
        "map_per_class": -1.0,
        "mar_100_per_class": -1.0,
        "classes": 0
      },
      "stfpm_0.01"
    ],
    [
      {
        "map": 6.562991620739922e-05,
        "map_50": 0.0005824111867696047,
        "map_75": 0.0,
        "map_small": -1.0,
        "map_medium": -1.0,
        "map_large": 6.562991620739922e-05,
        "mar_1": 0.0010869564721360803,
        "mar_10": 0.0010869564721360803,
        "mar_100": 0.0010869564721360803,
        "mar_small": -1.0,
        "mar_medium": -1.0,
        "mar_large": 0.0010869564721360803,
        "map_per_class": -1.0,
        "mar_100_per_class": -1.0,
        "classes": 0
      },
      "stfpm_0.0001"
    ],
    [
      {
        "map": 0.0,
        "map_50": 0.0,
        "map_75": 0.0,
        "map_small": -1.0,
        "map_medium": -1.0,
        "map_large": 0.0,
        "mar_1": 0.0,
        "mar_10": 0.0,
        "mar_100": 0.0,
        "mar_small": -1.0,
        "mar_medium": -1.0,
        "mar_large": 0.0,
        "map_per_class": -1.0,
        "mar_100_per_class": -1.0,
        "classes": 0
      },
      "stfpm_5e-05"
    ]
  ]
}