{
  "intersection over union": [
    [
      0.5664741396903992,
      "expert_annotations"
    ],
    [
      0.46485060453414917,
      "twocircles_dino"
    ],
    [
      0.4547845125198364,
      "twocircles_sam"
    ],
    [
      0.4220057725906372,
      "cells_dino"
    ],
    [
      0.40633028745651245,
      "cells_sam"
    ]
  ],
  "mean average precision": [
    [
      {
        "map": 0.5655543208122253,
        "map_50": 0.7446632981300354,
        "map_75": 0.6956602931022644,
        "map_small": -1.0,
        "map_medium": -1.0,
        "map_large": 0.5655543208122253,
        "mar_1": 0.5554347634315491,
        "mar_10": 0.7760869860649109,
        "mar_100": 0.7760869860649109,
        "mar_small": -1.0,
        "mar_medium": -1.0,
        "mar_large": 0.7760869860649109,
        "map_per_class": -1.0,
        "mar_100_per_class": -1.0,
        "classes": 0
      },
      "expert_annotations"
    ],
    [
      {
        "map": 0.3396146595478058,
        "map_50": 0.607576310634613,
        "map_75": 0.36725595593452454,
        "map_small": -1.0,
        "map_medium": -1.0,
        "map_large": 0.33980685472488403,
        "mar_1": 0.352989137172699,
        "mar_10": 0.5163043737411499,
        "mar_100": 0.5163043737411499,
        "mar_small": -1.0,
        "mar_medium": -1.0,
        "mar_large": 0.5163043737411499,
        "map_per_class": -1.0,
        "mar_100_per_class": -1.0,
        "classes": 0
      },
      "two_circles_dino"
    ],
    [
      {
        "map": 0.3017394542694092,
        "map_50": 0.5975939035415649,
        "map_75": 0.2766183018684387,
        "map_small": -1.0,
        "map_medium": -1.0,
        "map_large": 0.3020218312740326,
        "mar_1": 0.3282608687877655,
        "mar_10": 0.469836950302124,
        "mar_100": 0.469836950302124,
        "mar_small": -1.0,
        "mar_medium": -1.0,
        "mar_large": 0.469836950302124,
        "map_per_class": -1.0,
        "mar_100_per_class": -1.0,
        "classes": 0
      },
      "two_circles_sam"
    ],
    [
      {
        "map": 0.21465778350830078,
        "map_50": 0.43701431155204773,
        "map_75": 0.18657132983207703,
        "map_small": -1.0,
        "map_medium": -1.0,
        "map_large": 0.21706342697143555,
        "mar_1": 0.27228260040283203,
        "mar_10": 0.395923912525177,
        "mar_100": 0.395923912525177,
        "mar_small": -1.0,
        "mar_medium": -1.0,
        "mar_large": 0.395923912525177,
        "map_per_class": -1.0,
        "mar_100_per_class": -1.0,
        "classes": 0
      },
      "cells_sam"
    ],
    [
      {
        "map": 0.1622932106256485,
        "map_50": 0.33393749594688416,
        "map_75": 0.1406540721654892,
        "map_small": -1.0,
        "map_medium": -1.0,
        "map_large": 0.1634271740913391,
        "mar_1": 0.27173912525177,
        "mar_10": 0.42527174949645996,
        "mar_100": 0.42527174949645996,
        "mar_small": -1.0,
        "mar_medium": -1.0,
        "mar_large": 0.42527174949645996,
        "map_per_class": -1.0,
        "mar_100_per_class": -1.0,
        "classes": 0
      },
      "cells_dino"
    ]
  ]
}