{
  "intersection over union": [
    [
      0.5613856315612793,
      "expert_annotations"
    ],
    [
      0.4421423375606537,
      "stfpm_0.01"
    ],
    [
      0.4233658015727997,
      "stfpm_0.0075"
    ],
    [
      0.3917371332645416,
      "stfpm_0.005"
    ],
    [
      0.30702582001686096,
      "stfpm_0.0025"
    ],
    [
      0.22623266279697418,
      "stfpm_0.0015"
    ],
    [
      0.1695048063993454,
      "stfpm_0.001"
    ],
    [
      0.13512948155403137,
      "stfpm_0.00075"
    ],
    [
      0.08586899191141129,
      "stfpm_0.0005"
    ],
    [
      0.05838911980390549,
      "stfpm_0.00025"
    ],
    [
      0.05832405388355255,
      "stfpm_5e-05"
    ],
    [
      0.05832405388355255,
      "stfpm_0.0001"
    ]
  ],
  "mean average precision": [
    [
      {
        "map": 0.5988599061965942,
        "map_50": 0.8036512136459351,
        "map_75": 0.7100414037704468,
        "map_small": -1.0,
        "map_medium": -1.0,
        "map_large": 0.5988599061965942,
        "mar_1": 0.5445652008056641,
        "mar_10": 0.75951087474823,
        "mar_100": 0.75951087474823,
        "mar_small": -1.0,
        "mar_medium": -1.0,
        "mar_large": 0.75951087474823,
        "map_per_class": -1.0,
        "mar_100_per_class": -1.0,
        "classes": 0
      },
      "expert_annotations"
    ],
    [
      {
        "map": 0.1980985403060913,
        "map_50": 0.49417731165885925,
        "map_75": 0.05805625766515732,
        "map_small": -1.0,
        "map_medium": -1.0,
        "map_large": 0.1980985403060913,
        "mar_1": 0.280163049697876,
        "mar_10": 0.42798912525177,
        "mar_100": 0.42798912525177,
        "mar_small": -1.0,
        "mar_medium": -1.0,
        "mar_large": 0.42798912525177,
        "map_per_class": -1.0,
        "mar_100_per_class": -1.0,
        "classes": 0
      },
      "stfpm_0.01"
    ],
    [
      {
        "map": 0.16838495433330536,
        "map_50": 0.4565065801143646,
        "map_75": 0.02185053937137127,
        "map_small": -1.0,
        "map_medium": -1.0,
        "map_large": 0.16838495433330536,
        "mar_1": 0.24918478727340698,
        "mar_10": 0.3812499940395355,
        "mar_100": 0.3812499940395355,
        "mar_small": -1.0,
        "mar_medium": -1.0,
        "mar_large": 0.3812499940395355,
        "map_per_class": -1.0,
        "mar_100_per_class": -1.0,
        "classes": 0
      },
      "stfpm_0.0075"
    ],
    [
      {
        "map": 0.11713483929634094,
        "map_50": 0.39288657903671265,
        "map_75": 0.009142355993390083,
        "map_small": -1.0,
        "map_medium": -1.0,
        "map_large": 0.11713483929634094,
        "mar_1": 0.198369562625885,
        "mar_10": 0.30027174949645996,
        "mar_100": 0.30027174949645996,
        "mar_small": -1.0,
        "mar_medium": -1.0,
        "mar_large": 0.30027174949645996,
        "map_per_class": -1.0,
        "mar_100_per_class": -1.0,
        "classes": 0
      },
      "stfpm_0.005"
    ],
    [
      {
        "map": 0.027805283665657043,
        "map_50": 0.17260657250881195,
        "map_75": 2.329644667042885e-05,
        "map_small": -1.0,
        "map_medium": -1.0,
        "map_large": 0.027805283665657043,
        "mar_1": 0.07907608896493912,
        "mar_10": 0.11902173608541489,
        "mar_100": 0.11902173608541489,
        "mar_small": -1.0,
        "mar_medium": -1.0,
        "mar_large": 0.11902173608541489,
        "map_per_class": -1.0,
        "mar_100_per_class": -1.0,
        "classes": 0
      },
      "stfpm_0.0025"
    ],
    [
      {
        "map": 0.002177149523049593,
        "map_50": 0.01673557236790657,
        "map_75": 0.0,
        "map_small": -1.0,
        "map_medium": -1.0,
        "map_large": 0.002177149523049593,
        "mar_1": 0.016576087102293968,
        "mar_10": 0.02282608672976494,
        "mar_100": 0.02282608672976494,
        "mar_small": -1.0,
        "mar_medium": -1.0,
        "mar_large": 0.02282608672976494,
        "map_per_class": -1.0,
        "mar_100_per_class": -1.0,
        "classes": 0
      },
      "stfpm_0.0015"
    ],
    [
      {
        "map": 0.00015376650844700634,
        "map_50": 0.0014107292518019676,
        "map_75": 0.0,
        "map_small": -1.0,
        "map_medium": -1.0,
        "map_large": 0.00015376650844700634,
        "mar_1": 0.0027173913549631834,
        "mar_10": 0.002989130327478051,
        "mar_100": 0.002989130327478051,
        "mar_small": -1.0,
        "mar_medium": -1.0,
        "mar_large": 0.002989130327478051,
        "map_per_class": -1.0,
        "mar_100_per_class": -1.0,
        "classes": 0
      },
      "stfpm_0.001"
    ],
    [
      {
        "map": 0.0,
        "map_50": 0.0,
        "map_75": 0.0,
        "map_small": -1.0,
        "map_medium": -1.0,
        "map_large": 0.0,
        "mar_1": 0.0,
        "mar_10": 0.0,
        "mar_100": 0.0,
        "mar_small": -1.0,
        "mar_medium": -1.0,
        "mar_large": 0.0,
        "map_per_class": -1.0,
        "mar_100_per_class": -1.0,
        "classes": 0
      },
      "stfpm_5e-05"
    ],
    [
      {
        "map": 0.0,
        "map_50": 0.0,
        "map_75": 0.0,
        "map_small": -1.0,
        "map_medium": -1.0,
        "map_large": 0.0,
        "mar_1": 0.0,
        "mar_10": 0.0,
        "mar_100": 0.0,
        "mar_small": -1.0,
        "mar_medium": -1.0,
        "mar_large": 0.0,
        "map_per_class": -1.0,
        "mar_100_per_class": -1.0,
        "classes": 0
      },
      "stfpm_0.0001"
    ],
    [
      {
        "map": 0.0,
        "map_50": 0.0,
        "map_75": 0.0,
        "map_small": -1.0,
        "map_medium": -1.0,
        "map_large": 0.0,
        "mar_1": 0.0,
        "mar_10": 0.0,
        "mar_100": 0.0,
        "mar_small": -1.0,
        "mar_medium": -1.0,
        "mar_large": 0.0,
        "map_per_class": -1.0,
        "mar_100_per_class": -1.0,
        "classes": 0
      },
      "stfpm_0.00025"
    ],
    [
      {
        "map": 0.0,
        "map_50": 0.0,
        "map_75": 0.0,
        "map_small": -1.0,
        "map_medium": -1.0,
        "map_large": 0.0,
        "mar_1": 0.0,
        "mar_10": 0.0,
        "mar_100": 0.0,
        "mar_small": -1.0,
        "mar_medium": -1.0,
        "mar_large": 0.0,
        "map_per_class": -1.0,
        "mar_100_per_class": -1.0,
        "classes": 0
      },
      "stfpm_0.0005"
    ],
    [
      {
        "map": 0.0,
        "map_50": 0.0,
        "map_75": 0.0,
        "map_small": -1.0,
        "map_medium": -1.0,
        "map_large": 0.0,
        "mar_1": 0.0,
        "mar_10": 0.0,
        "mar_100": 0.0,
        "mar_small": -1.0,
        "mar_medium": -1.0,
        "mar_large": 0.0,
        "map_per_class": -1.0,
        "mar_100_per_class": -1.0,
        "classes": 0
      },
      "stfpm_0.00075"
    ]
  ]
}